n_impresion,personaje,copia,codigo,archivo
1,1,1,SP01-T2101-B9E6,01_personaje_01_SP01-T2101-B9E6.png
2,2,1,SP02-T2102-FAU5,02_personaje_02_SP02-T2102-FAU5.png
3,3,1,SP03-T2103-LPMG,03_personaje_03_SP03-T2103-LPMG.png
4,4,1,SP04-T2104-23NH,04_personaje_04_SP04-T2104-23NH.png
5,5,1,SP05-T2105-H3DG,05_personaje_05_SP05-T2105-H3DG.png
6,6,1,SP06-T2106-ZWRC,06_personaje_06_SP06-T2106-ZWRC.png
7,7,1,SP07-T2107-XF7G,07_personaje_07_SP07-T2107-XF7G.png
8,8,1,SP08-T2108-P6XB,08_personaje_08_SP08-T2108-P6XB.png
9,9,1,SP09-T2109-QVNB,09_personaje_09_SP09-T2109-QVNB.png
10,10,1,SP10-T2110-Y6CM,10_personaje_10_SP10-T2110-Y6CM.png
11,11,1,SP11-T2111-XXV7,11_personaje_11_SP11-T2111-XXV7.png
12,12,1,SP12-T2112-YMZJ,12_personaje_12_SP12-T2112-YMZJ.png
13,13,1,SP13-T2113-TQSP,13_personaje_13_SP13-T2113-TQSP.png
14,14,1,SP14-T2114-466S,14_personaje_14_SP14-T2114-466S.png
15,15,1,SP15-T2115-XX4J,15_personaje_15_SP15-T2115-XX4J.png
16,16,1,SP16-T2116-EK46,16_personaje_16_SP16-T2116-EK46.png
17,17,1,SP17-T2117-LF6J,17_personaje_17_SP17-T2117-LF6J.png
18,18,1,SP18-T2118-AVT2,18_personaje_18_SP18-T2118-AVT2.png
19,19,1,SP19-T2119-7YCF,19_personaje_19_SP19-T2119-7YCF.png
20,20,1,SP20-T2120-B2BM,20_personaje_20_SP20-T2120-B2BM.png
21,21,1,SP21-T2121-MY4Y,21_personaje_21_SP21-T2121-MY4Y.png
22,22,1,SP22-T2122-67VD,22_personaje_22_SP22-T2122-67VD.png
23,23,1,SP23-T2123-RMQD,23_personaje_23_SP23-T2123-RMQD.png
24,24,1,SP24-T2124-YG53,24_personaje_24_SP24-T2124-YG53.png
25,1,2,SP01-T2201-YCCY,25_personaje_01_SP01-T2201-YCCY.png
26,2,2,SP02-T2202-CXKW,26_personaje_02_SP02-T2202-CXKW.png
27,3,2,SP03-T2203-YM8E,27_personaje_03_SP03-T2203-YM8E.png
28,4,2,SP04-T2204-JPYU,28_personaje_04_SP04-T2204-JPYU.png
29,5,2,SP05-T2205-BHS5,29_personaje_05_SP05-T2205-BHS5.png
30,6,2,SP06-T2206-RLV5,30_personaje_06_SP06-T2206-RLV5.png
31,7,2,SP07-T2207-R2ZW,31_personaje_07_SP07-T2207-R2ZW.png
32,8,2,SP08-T2208-XQW6,32_personaje_08_SP08-T2208-XQW6.png
33,9,2,SP09-T2209-8995,33_personaje_09_SP09-T2209-8995.png
34,10,2,SP10-T2210-GP82,34_personaje_10_SP10-T2210-GP82.png
35,11,2,SP11-T2211-RFLV,35_personaje_11_SP11-T2211-RFLV.png
36,12,2,SP12-T2212-P562,36_personaje_12_SP12-T2212-P562.png
37,13,2,SP13-T2213-FLD2,37_personaje_13_SP13-T2213-FLD2.png
38,14,2,SP14-T2214-FRDJ,38_personaje_14_SP14-T2214-FRDJ.png
39,15,2,SP15-T2215-WV8K,39_personaje_15_SP15-T2215-WV8K.png
40,16,2,SP16-T2216-JPWM,40_personaje_16_SP16-T2216-JPWM.png
41,17,2,SP17-T2217-DLA9,41_personaje_17_SP17-T2217-DLA9.png
42,18,2,SP18-T2218-ME74,42_personaje_18_SP18-T2218-ME74.png
43,19,2,SP19-T2219-SD7Y,43_personaje_19_SP19-T2219-SD7Y.png
44,20,2,SP20-T2220-GTRE,44_personaje_20_SP20-T2220-GTRE.png
45,21,2,SP21-T2221-LKK5,45_personaje_21_SP21-T2221-LKK5.png
46,22,2,SP22-T2222-6NYN,46_personaje_22_SP22-T2222-6NYN.png
47,23,2,SP23-T2223-W34T,47_personaje_23_SP23-T2223-W34T.png
48,24,2,SP24-T2224-MDB8,48_personaje_24_SP24-T2224-MDB8.png
